{"cameraMode":{"drawMode":0,"name":"Shaded","section":"Shading Mode"},"sceneLighting":true,"audioPlay":false,"sceneViewState":{"m_AlwaysRefresh":false,"showFog":true,"showSkybox":true,"showFlares":true,"showImageEffects":true,"showParticleSystems":true,"showVisualEffectGraphs":true,"m_FxEnabled":false},"in2DMode":false,"pivot":{"x":-120.85333251953125,"y":256.3007507324219,"z":-151.03555297851563},"rotation":{"x":0.32296010851860049,"y":-0.1243324726819992,"z":0.043101854622364047,"w":0.9374351501464844},"size":164.6945343017578,"orthographic":false}